david.wilson@example.com,25,12212,313,198,2024-02-22
phillip.harrington@example.com,148,28939,184,227,2024-03-13
sandra.williams@example.com,168,36133,414,133,2024-05-21
gary.hatfield@example.com,54,10985,427,98,2024-02-10
tonya.cooper@example.com,110,37296,908,126,2024-03-08
natalie.robertson@example.com,109,18479,780,138,2024-01-27
gary.hatfield@example.com,197,17587,274,48,2024-01-26
dustin.fitzgerald@example.com,119,26092,371,104,2024-01-22
deanna.munoz@example.com,87,21124,166,148,2024-04-29
dustin.fitzgerald@example.com,180,27272,822,86,2024-03-10
tonya.cooper@example.com,39,11350,549,180,2024-02-02
jenny.stafford@example.com,113,25843,178,52,2024-01-07
joseph.fitzgerald@example.com,80,15693,278,121,2024-03-24
joseph.fitzgerald@example.com,182,12643,115,126,2024-04-21
laura.dominguez@example.com,194,26478,317,115,2024-03-18
alex.drake@example.com,0,17400,674,196,2024-03-31
phillip.harrington@example.com,163,17225,173,172,2024-01-15
barbara.brewer@example.com,121,20777,81,212,2024-05-04
michael.torres@example.com,66,11931,52,126,2024-05-18
ryan.hoover@example.com,22,30629,474,154,2024-05-17
joseph.fitzgerald@example.com,36,14218,59,58,2024-05-12
natalie.robertson@example.com,161,12847,854,133,2024-01-16
jenny.stafford@example.com,24,23436,83,177,2024-05-31
andrea.brown@example.com,25,19215,873,221,2024-03-23
phillip.harrington@example.com,103,16278,543,145,2024-04-15
jennifer.myers@example.com,68,27132,641,74,2024-05-21
janet.ortiz@example.com,103,22097,914,75,2024-04-17
barbara.brewer@example.com,185,10614,216,193,2024-01-27
michael.torres@example.com,196,28434,691,218,2024-02-02
samantha.floyd@example.com,168,10950,339,162,2024-01-30
karen.edwards@example.com,77,35058,828,44,2024-02-10
dustin.fitzgerald@example.com,89,16492,511,87,2024-02-01
megan.hall@example.com,16,13234,937,225,2024-02-14
deanna.munoz@example.com,111,11522,369,222,2024-01-06
megan.hall@example.com,30,26126,137,81,2024-04-12
donna.jackson@example.com,157,25608,676,157,2024-01-27
nicholas.cabrera@example.com,150,36535,923,159,2024-06-08
joseph.fitzgerald@example.com,69,24398,18,189,2024-04-05
julie.williams@example.com,159,16809,278,80,2024-03-10
nicholas.barrett@example.com,140,12218,319,142,2024-05-01
omar.howard@example.com,28,8181,466,165,2024-05-22
michael.torres@example.com,143,29627,891,137,2024-02-25
laura.dominguez@example.com,155,27143,232,114,2024-05-19
tonya.cooper@example.com,37,39054,739,218,2024-06-03
john.anderson@example.com,189,36577,825,65,2024-03-06
sandra.williams@example.com,21,6227,872,65,2024-05-12
alex.drake@example.com,28,8601,328,109,2024-01-24
joseph.fitzgerald@example.com,49,9109,691,42,2024-06-04
alex.drake@example.com,58,16622,916,230,2024-06-11
stephanie.rodriguez@example.com,98,39744,634,203,2024-03-20
stephanie.rodriguez@example.com,107,18749,401,214,2024-05-30
taylor.flores@example.com,152,19612,582,31,2024-02-20
deanna.munoz@example.com,188,5705,424,69,2024-01-31
richard.sutton@example.com,51,9155,592,192,2024-03-07
dustin.fitzgerald@example.com,81,23387,904,105,2024-05-01
richard.sutton@example.com,115,27429,536,135,2024-04-07
tonya.cooper@example.com,84,22447,528,107,2024-03-05
deanna.munoz@example.com,136,26763,410,201,2024-04-13
nicholas.cabrera@example.com,103,23370,950,208,2024-05-14
sandra.williams@example.com,54,35600,770,106,2024-01-29
adam.robinson@example.com,109,13507,941,75,2024-03-14
anthony.johnson@example.com,48,16194,639,79,2024-05-23
christina.phillips@example.com,69,37938,861,159,2024-05-24
barbara.brewer@example.com,150,17121,677,154,2024-04-17
annette.quinn@example.com,123,21260,444,77,2024-02-29
annette.quinn@example.com,13,38808,39,209,2024-02-15
ryan.hoover@example.com,23,11191,904,181,2024-03-14
dustin.fitzgerald@example.com,37,18753,661,121,2024-03-08
stephanie.rodriguez@example.com,25,11278,385,155,2024-03-16
dustin.fitzgerald@example.com,85,39227,208,185,2024-04-01
megan.hall@example.com,195,34097,617,103,2024-04-09
david.wilson@example.com,35,32418,859,54,2024-02-29
ryan.hoover@example.com,48,13536,182,206,2024-03-20
allison.anderson@example.com,70,26277,173,144,2024-03-19
charles.melton@example.com,86,11556,772,53,2024-06-06
adam.robinson@example.com,2,9083,193,117,2024-01-19
karen.edwards@example.com,63,26685,948,139,2024-05-12
andrea.brown@example.com,31,26509,67,153,2024-01-30
jenny.stafford@example.com,126,24460,250,128,2024-01-29
charles.melton@example.com,15,27601,339,73,2024-01-01
larry.herrera@example.com,143,23093,966,147,2024-04-23
sandra.williams@example.com,158,15465,876,66,2024-04-25
ryan.hoover@example.com,142,27134,696,220,2024-05-03
samantha.floyd@example.com,177,9430,810,129,2024-05-16
allison.anderson@example.com,119,23561,29,133,2024-04-10
john.anderson@example.com,116,12293,134,236,2024-01-21
phillip.harrington@example.com,84,24518,621,69,2024-05-15
tonya.cooper@example.com,113,5453,623,113,2024-05-31
natalie.robertson@example.com,106,6747,305,75,2024-05-05
andrew.perez@example.com,40,10128,431,223,2024-05-15
nicholas.barrett@example.com,115,14087,929,137,2024-02-09
nicholas.cabrera@example.com,33,28565,605,73,2024-04-25
larry.herrera@example.com,23,20879,115,81,2024-05-05
anthony.johnson@example.com,183,17548,28,233,2024-04-27
kelsey.howard@example.com,84,22321,363,181,2024-04-09
kristen.murphy@example.com,113,39025,767,39,2024-01-22
phillip.harrington@example.com,114,33409,933,87,2024-02-21
alex.drake@example.com,188,36048,15,163,2024-05-13
jenny.stafford@example.com,186,30920,730,234,2024-05-22
nicholas.cabrera@example.com,54,27864,300,235,2024-04-29
barbara.brewer@example.com,45,23421,204,237,2024-02-02
annette.quinn@example.com,90,29771,158,107,2024-03-13
kristen.murphy@example.com,181,15990,885,133,2024-01-17
john.anderson@example.com,170,10089,843,77,2024-06-03
kelsey.howard@example.com,105,10133,78,203,2024-01-07
andrew.perez@example.com,63,9416,221,112,2024-01-03
ryan.hoover@example.com,115,11431,791,73,2024-01-23
barbara.brewer@example.com,196,8168,895,142,2024-03-11
richard.sutton@example.com,66,19011,549,45,2024-06-07
tonya.cooper@example.com,18,6102,664,42,2024-05-20
jenny.stafford@example.com,48,16228,504,223,2024-04-03
joseph.fitzgerald@example.com,51,39143,297,177,2024-03-02
ryan.hoover@example.com,145,10743,153,125,2024-01-21
joshua.oconnor@example.com,0,26915,671,109,2024-05-11
joshua.oconnor@example.com,57,24909,12,176,2024-03-28
mary.simpson@example.com,90,9645,336,101,2024-03-12
richard.sutton@example.com,88,11582,307,174,2024-04-23
natalie.robertson@example.com,90,7513,740,33,2024-05-15
janet.ortiz@example.com,152,31245,8,140,2024-02-19
megan.hall@example.com,110,35475,300,238,2024-05-09
sandra.williams@example.com,44,34773,550,47,2024-04-04
janet.ortiz@example.com,198,5897,684,41,2024-06-06
larry.herrera@example.com,32,30781,392,183,2024-05-30
omar.howard@example.com,187,19410,666,170,2024-02-14
david.wilson@example.com,7,7679,403,133,2024-01-31
william.dixon@example.com,43,29922,26,201,2024-04-19
laura.dominguez@example.com,161,32522,531,81,2024-04-17
nicholas.barrett@example.com,91,21125,693,38,2024-06-09
mary.simpson@example.com,126,38613,997,191,2024-01-16
justin.mitchell@example.com,51,27170,468,216,2024-05-31
omar.howard@example.com,145,17923,217,39,2024-04-08
michele.guerrero@example.com,30,24245,775,112,2024-02-02
nicholas.cabrera@example.com,187,24972,813,66,2024-01-06
omar.howard@example.com,147,32203,282,44,2024-06-09
kelsey.howard@example.com,28,37616,166,232,2024-05-04
kelsey.howard@example.com,56,31871,780,129,2024-02-02
dustin.fitzgerald@example.com,143,34003,904,189,2024-04-10
jennifer.myers@example.com,92,8015,658,187,2024-03-20
michael.torres@example.com,58,19144,525,132,2024-04-28
tonya.cooper@example.com,57,10127,553,58,2024-05-08
natalie.robertson@example.com,42,24879,28,111,2024-02-10
annette.quinn@example.com,33,39620,633,232,2024-03-26
omar.howard@example.com,139,32270,262,33,2024-05-17
alex.drake@example.com,93,14025,45,161,2024-05-12
ronnie.allen@example.com,183,34147,683,186,2024-03-19
allison.anderson@example.com,199,32312,882,228,2024-02-21
justin.mitchell@example.com,192,21329,603,98,2024-01-05
michele.guerrero@example.com,86,11883,711,98,2024-04-24
tonya.cooper@example.com,95,24256,59,97,2024-01-27
jennifer.myers@example.com,27,28538,291,79,2024-03-16
nicholas.cabrera@example.com,59,20806,850,81,2024-02-03
michele.guerrero@example.com,175,29802,124,166,2024-03-26
kristen.murphy@example.com,170,16068,993,118,2024-04-19
adam.robinson@example.com,6,39968,685,41,2024-01-11
joshua.oconnor@example.com,111,12177,260,235,2024-03-13
charles.melton@example.com,51,38500,307,218,2024-06-04
larry.herrera@example.com,26,37776,998,138,2024-01-17
julie.williams@example.com,141,28129,183,67,2024-05-05
annette.quinn@example.com,73,24313,178,154,2024-04-24
william.dixon@example.com,63,20764,79,152,2024-03-19
michele.guerrero@example.com,91,32949,275,113,2024-03-05
david.wilson@example.com,35,35381,836,190,2024-02-15
heather.garza@example.com,129,13498,64,226,2024-04-08
samantha.floyd@example.com,102,36596,326,240,2024-03-29
jeffrey.howard@example.com,79,36727,144,102,2024-01-08
taylor.flores@example.com,105,9347,474,181,2024-04-03
omar.howard@example.com,17,12399,889,130,2024-04-30
megan.hall@example.com,74,12028,435,190,2024-01-20
andrea.brown@example.com,75,7040,579,42,2024-02-22
adam.robinson@example.com,189,32027,536,124,2024-06-10
megan.hall@example.com,198,21082,166,197,2024-04-08
janet.ortiz@example.com,27,12645,548,184,2024-04-05
natalie.robertson@example.com,75,28483,497,160,2024-04-16
donna.jackson@example.com,110,14770,953,183,2024-05-05
jenny.stafford@example.com,47,27390,185,224,2024-03-17
joseph.fitzgerald@example.com,5,26937,153,56,2024-04-01
nicholas.barrett@example.com,80,21244,104,218,2024-02-21
ryan.hoover@example.com,143,11810,753,204,2024-02-05
anthony.johnson@example.com,133,37340,293,115,2024-02-14
jeffrey.howard@example.com,23,18682,42,192,2024-04-15
adam.robinson@example.com,66,38568,727,117,2024-03-11
megan.hall@example.com,150,27300,266,215,2024-01-31
ryan.hoover@example.com,179,9351,822,145,2024-02-28
dustin.fitzgerald@example.com,9,11347,449,211,2024-04-28
allison.anderson@example.com,195,26939,260,143,2024-06-10
john.anderson@example.com,87,26056,653,92,2024-01-28
heather.garza@example.com,187,28726,1000,121,2024-03-29
charles.melton@example.com,96,18195,17,130,2024-01-14
gary.hatfield@example.com,148,25198,410,233,2024-01-14
jenny.stafford@example.com,5,12786,321,36,2024-04-02
karen.edwards@example.com,36,11076,855,62,2024-03-17
justin.mitchell@example.com,168,24125,986,80,2024-04-19
alex.drake@example.com,167,28688,248,174,2024-03-20
larry.herrera@example.com,195,19615,683,140,2024-04-17
laura.dominguez@example.com,164,23786,21,46,2024-01-18
samantha.floyd@example.com,70,30007,218,71,2024-02-21
morgan.hernandez@example.com,115,5712,161,30,2024-04-03
barbara.brewer@example.com,146,8255,94,124,2024-02-14
richard.sutton@example.com,13,19708,885,87,2024-06-07
tonya.cooper@example.com,65,25453,579,232,2024-01-22
stephanie.rodriguez@example.com,188,25545,670,226,2024-02-27
jennifer.myers@example.com,127,38149,847,228,2024-01-28
justin.mitchell@example.com,62,13513,758,84,2024-03-10
megan.hall@example.com,25,14203,108,40,2024-06-06
jenny.stafford@example.com,143,10999,604,215,2024-01-19
jeffrey.howard@example.com,111,34698,666,145,2024-01-27
adam.robinson@example.com,3,39345,640,111,2024-05-07
charles.melton@example.com,133,18810,129,186,2024-01-12
phillip.harrington@example.com,141,24261,688,132,2024-06-08
jenny.stafford@example.com,133,8295,469,176,2024-05-09
andrew.perez@example.com,63,30733,270,172,2024-01-27
joseph.fitzgerald@example.com,78,12928,840,110,2024-04-23